{
	"format_version": "1.8.0",
	"animations": {
		"biggourd": {
			"animation_length": 1.2917,
			"bones": {
				"head": {
					"rotation": {
						"0.0": {
							"vector": [0, 0, 0]
						},
						"0.1667": {
							"vector": [-32.5, 0, 0]
						},
						"0.25": {
							"vector": [-47.5, 0, 0]
						},
						"0.4167": {
							"vector": [25, 0, 0]
						},
						"0.7917": {
							"vector": [40, 0, 0]
						},
						"0.9167": {
							"vector": [25, 0, 0]
						},
						"1.2917": {
							"vector": [0, 0, 0]
						}
					}
				},
				"right_arm": {
					"rotation": {
						"0.0": {
							"vector": [0, 0, 0]
						},
						"0.1667": {
							"vector": [-50.85533, -29.16853, -18.18131]
						},
						"0.4167": {
							"vector": [-71.16189, -32.3483, -1.7056]
						},
						"0.7917": {
							"vector": [-71.16189, -32.3483, -1.7056]
						},
						"0.9167": {
							"vector": [-71.16189, -32.3483, -1.7056]
						},
						"1.2917": {
							"vector": [0, 0, 0]
						}
					},
					"position": {
						"0.0": {
							"vector": [0, 0, 0]
						},
						"0.1667": {
							"vector": [0, -3, -1]
						},
						"0.4167": {
							"vector": [0, -6, 5]
						},
						"0.7917": {
							"vector": [0, -7, 6]
						},
						"0.9167": {
							"vector": [0, -6, 5]
						},
						"1.2917": {
							"vector": [0, 0, 0]
						}
					}
				},
				"left_arm": {
					"rotation": {
						"0.0": {
							"vector": [0, 0, 0]
						},
						"0.1667": {
							"vector": [-59.14134, 26.70223, 2.44758]
						},
						"0.4167": {
							"vector": [-79.87112, 16.86845, 0.4886]
						},
						"0.7917": {
							"vector": [-79.87112, 16.86845, 0.4886]
						},
						"0.9167": {
							"vector": [-79.87112, 16.86845, 0.4886]
						},
						"1.2917": {
							"vector": [0, 0, 0]
						}
					},
					"position": {
						"0.0": {
							"vector": [0, 0, 0]
						},
						"0.1667": {
							"vector": [0, -3, -1]
						},
						"0.4167": {
							"vector": [1, -8, 3]
						},
						"0.7917": {
							"vector": [1, -9, 4]
						},
						"0.9167": {
							"vector": [1, -8, 3]
						},
						"1.2917": {
							"vector": [0, 0, 0]
						}
					}
				}
			}
		}
	}
}