{
	"format_version": "1.8.0",
	"animations": {
		"midgourd": {
			"animation_length": 1.2917,
			"bones": {
				"head": {
					"rotation": {
						"0.0": {
							"vector": [0, 0, 0]
						},
						"0.1667": {
							"vector": [-20, 0, 0]
						},
						"0.25": {
							"vector": [-32.5, 0, 0]
						},
						"0.4167": {
							"vector": [13.27463, -19.50645, -4.50432]
						},
						"0.7917": {
							"vector": [25.77463, -19.50645, -4.50432]
						},
						"0.9167": {
							"vector": [13.27463, -19.50645, -4.50432]
						},
						"1.2917": {
							"vector": [0, 0, 0]
						}
					}
				},
				"right_arm": {
					"rotation": {
						"0.0": {
							"vector": [0, 0, 0]
						},
						"0.2083": {
							"vector": [-63.43495, -14.47751, 26.56505]
						},
						"0.4167": {
							"vector": [-128.63809, -16.98155, 34.41648]
						},
						"0.7917": {
							"vector": [-128.0208, -20.35549, 33.3391]
						},
						"0.9167": {
							"vector": [-128.63809, -16.98155, 34.41648]
						},
						"1.2917": {
							"vector": [0, 0, 0]
						}
					},
					"position": {
						"0.0": {
							"vector": [0, 0, 0]
						},
						"0.2083": {
							"vector": [-1, -5, 3]
						},
						"0.4167": {
							"vector": [-0.25, -6.5, 0.25]
						},
						"0.7917": {
							"vector": [-0.25, -7.25, 0.5]
						},
						"0.9167": {
							"vector": [-0.25, -6.5, 0.25]
						},
						"1.2917": {
							"vector": [0, 0, 0]
						}
					}
				}
			}
		}
	}
}