{
	"format_version": "1.8.0",
	"animations": {
		"smallgourd": {
			"animation_length": 1.2917,
			"bones": {
				"head": {
					"rotation": {
						"0.0": {
							"vector": [0, 0, 0]
						},
						"0.1667": {
							"vector": [-20, 0, 0]
						},
						"0.25": {
							"vector": [-32.5, 0, 0]
						},
						"0.4167": {
							"vector": [13.27463, -19.50645, -4.50432]
						},
						"0.7917": {
							"vector": [25.77463, -19.50645, -4.50432]
						},
						"0.9167": {
							"vector": [13.27463, -19.50645, -4.50432]
						},
						"1.2917": {
							"vector": [0, 0, 0]
						}
					}
				},
				"right_arm": {
					"rotation": {
						"0.0": {
							"vector": [0, 0, 0]
						},
						"0.2083": {
							"vector": [-63.43495, -14.47751, 26.56505]
						},
						"0.4167": {
							"vector": [-134.12962, 7.78225, 56.92971]
						},
						"0.7917": {
							"vector": [-133.76579, 4.18126, 60.41815]
						},
						"0.9167": {
							"vector": [-134.12962, 7.78225, 56.92971]
						},
						"1.2917": {
							"vector": [0, 0, 0]
						}
					},
					"position": {
						"0.0": {
							"vector": [0, 0, 0]
						},
						"0.2083": {
							"vector": [-1, -5, 3]
						},
						"0.4167": {
							"vector": [-1.5, -5.5, 0]
						},
						"0.7917": {
							"vector": [-1.5, -6, 0]
						},
						"0.9167": {
							"vector": [-1.5, -5.5, 0]
						},
						"1.2917": {
							"vector": [0, 0, 0]
						}
					}
				}
			}
		}
	}
}