{
	"format_version": "1.8.0",
	"animations": {
		"swordsheathing": {
			"animation_length": 0.75,
			"bones": {
				"torso": {
					"rotation": {
						"0.0": {
							"vector": [0, 0, 0]
						},
						"0.3333": {
							"vector": [0, -25, 0]
						},
						"0.4583": {
							"vector": [0, -25, 0]
						},
						"0.75": {
							"vector": [0, 0, 0]
						}
					}
				},
				"right_arm": {
					"rotation": {
						"0.0": {
							"vector": [0, 0, 0]
						},
						"0.125": {
							"vector": [-53.27427, -17.66541, 51.03008]
						},
						"0.25": {
							"vector": [-109.38431, -24.55824, 128.21262]
						},
						"0.3333": {
							"vector": [-183.29406, 19.88143, 135.54038]
						},
						"0.375": {
							"vector": [-183.29406, 19.88143, 135.54038]
						},
						"0.4583": {
							"vector": [-183.29406, 19.88143, 135.54038]
						},
						"0.5833": {
							"vector": [-127.60045, -29.42106, 120.53798]
						},
						"0.625": {
							"vector": [-98.13567, -37.39025, 95.0772]
						},
						"0.6667": {
							"vector": [-61.25136, -38.35603, 55.49484]
						},
						"0.75": {
							"vector": [0, 0, 0]
						}
					},
					"position": {
						"0.0": {
							"vector": [0, 0, 0]
						},
						"0.125": {
							"vector": [1, 0, -1]
						},
						"0.25": {
							"vector": [1, 0, -3]
						},
						"0.3333": {
							"vector": [3, 0, -6]
						},
						"0.375": {
							"vector": [3.6, -1.4, -4.3]
						},
						"0.4583": {
							"vector": [3, 0, -6]
						},
						"0.75": {
							"vector": [0, 0, 0]
						}
					}
				},
				"left_arm": {
					"rotation": {
						"0.0": {
							"vector": [0, 0, 0]
						},
						"0.3333": {
							"vector": [2.3273, 24.89837, 5.51385]
						},
						"0.375": {
							"vector": [7.10968, 24.37804, 10.98518]
						},
						"0.4583": {
							"vector": [2.3273, 24.89837, 5.51385]
						},
						"0.75": {
							"vector": [0, 0, 0]
						}
					},
					"position": {
						"0.0": {
							"vector": [0, 0, 0]
						},
						"0.3333": {
							"vector": [0.75, 0.75, 1.5]
						},
						"0.4583": {
							"vector": [0.75, 0.75, 1.5]
						},
						"0.75": {
							"vector": [0, 0, 0]
						}
					}
				}
			}
		}
	}
}